_id,data.internet
66510ae468d80a198aeac43e,[object Object]
664f73c1e706e23b830c3fb4,[object Object]
664f40b370826600018e4888,[object Object]
6648f2f2d48acef4d02af1df,[object Object]
6647710447eeac829a62451a,[object Object]
6644a14ea2db9e961f5c0c10,[object Object]
6643f5ac1a844f28a4314ce0,[object Object]
66437ef30a3f2361abaae7a1,[object Object]
6643740d7fd6b67b586ce8c6,[object Object]
6642a8b607d05878bb49deac,[object Object]
6642592a4b2e5077181cbb50,[object Object]
664251f7f7107a681ae2b3db,[object Object]
664251274b2e5077181cbb4e,[object Object]
66424a4e5804d940704edae7,[object Object]
664249d6a310f6ef168e2047,[object Object]
6641f541b6b4ea0001319ccf,[object Object]
663e2bbff20380d2f4e389c6,[object Object]
663d01c9ee6ac35a0518ffd1,[object Object]
663cbf0e946f5e5ac2941d4e,[object Object]
663bf73f7c305b00011f7688,[object Object]
663bf3c6c797568ec4c8893f,[object Object]
663bd20d18b47420249945f2,[object Object]
663bd0466a4440906121d49c,[object Object]
663bb9aee895150001341235,[object Object]
663bb95ff577d40001bd8680,[object Object]
663b6d6bd9f3a700017784a3,[object Object]
663a8083382b4a893b8139f3,[object Object]
6634f58e8625ad00010a22c6,[object Object]
6634e2408625ad00010a22c4,[object Object]
663194b536a35a0001cd9575,[object Object]
662fa63d5572ce0001d1579b,[object Object]
662b81bf0f5f110001107f6a,[object Object]
662b81bb450ea50001180e8f,[object Object]
662ae8f3bf197600010306ef,[object Object]
662a8d646d38b600013e1481,[object Object]
662a460ec15d4600015aa687,[object Object]
6629a53e6af5930001ff5077,[object Object]
6629805f99c2d00001e91c12,[object Object]
662941fb37eed30001d001ef,[object Object]
6628f4cc7bd6d700010cf5da,[object Object]
662804dbaeb3770001322b3f,[object Object]
6627f1f33d2e7b0001b3ece5,[object Object]
6627ea3afd6b0d0001cdc865,[object Object]
6627bd7fa83e09000168778e,[object Object]
6627b111d150f90001b3a1c4,[object Object]
66240039505e8800019cc806,[object Object]
6622b1b59a51120001374b58,[object Object]
6622aaf89a51120001374b56,[object Object]
66215c5d63d5ba0001011a94,[object Object]
662156d98ca6d60001857cd6,[object Object]
662131a89d17a90001901db4,[object Object]
66210bf2b11a1d0001cc8e88,[object Object]
661db6fbb435140001c2fb26,[object Object]
661cfcfcb382710001a65afa,[object Object]
66183c3a1092c20001a01347,[object Object]
661821d8df30f30001e04aa2,[object Object]
6617e2c67cf8d800014866cf,[object Object]
6617ce8d5b0ca30001aa1f1d,[object Object]
66131c39f3481a0001b626d9,[object Object]
6612f282c704db000180938a,[object Object]
6610479687b74b00017a3221,[object Object]
660ec404236ae8000143d87c,[object Object]
660eb7a8b366010001984c83,[object Object]
660bf90345c85b0001bec137,[object Object]
6605649708fbc90001e632da,[object Object]
66040e91dbdbcb0001ca0a4b,[object Object]
660308e0ee777d0001e96ce8,[object Object]
6602dd4266e1c8000162b677,[object Object]
6602c3c9b5622c0001de463d,[object Object]
6601c64bb543630001cbeee3,[object Object]
65fd6ba89774bf00015f8a6d,[object Object]
65fc30b2c679af000128a67b,[object Object]
65fc23dc8e968c00019eebfa,[object Object]
65fb1d990c59ac0001d7e36a,[object Object]
65fadfa5630baa0001689001,[object Object]
65fadcf82a3a2c0001a75839,[object Object]
65fa2d6c9f471e0001b4207f,[object Object]
65f8af23a714d300018be1c1,[object Object]
65f86a9cc6e6d6000192c452,[object Object]
65f8491b7a752600018cd06f,[object Object]
65f33d8ec76efc0001de9f4e,[object Object]
65f2f775f686c4000114abe3,[object Object]
65f1eaf9ca5d190001544b25,[object Object]
65f1ddd2aa16760001bf2d9e,[object Object]
65f08fe39b93af00019de681,[object Object]
65ef5584f35c880001cdd3ea,[object Object]
65eaf0834076bb0001f9e7ed,[object Object]
65ea63ff0e7e710001466004,[object Object]
65ea51135204ae00012d96d7,[object Object]
65e8b1ed99eb5b00015a35ee,[object Object]
65e87499fce8920001fa45c1,[object Object]
65e869446e611a00015e323a,[object Object]
65e8552ffce8920001fa45bf,[object Object]
65e61599796bcc0001e4541b,[object Object]
